User_ID,Age,Gender
User_0,35,Female
User_1,55,Female
User_2,44,Female
User_3,55,Male
User_4,24,Female
User_5,28,Female
User_6,26,Male
User_7,58,Male
User_8,24,Female
User_9,46,Male
User_10,62,Female
User_11,52,Female
User_12,36,Female
User_13,48,Male
User_14,21,Female
User_15,44,Female
User_16,57,Male
User_17,53,Female
User_18,62,Female
User_19,57,Male
User_20,35,Female
User_21,45,Male
User_22,39,Male
User_23,41,Female
User_24,56,Male
User_25,23,Male
User_26,33,Male
User_27,18,Male
User_28,60,Male
User_29,21,Male
User_30,25,Male
User_31,37,Female
User_32,42,Female
User_33,20,Female
User_34,31,Female
User_35,34,Female
User_36,48,Female
User_37,21,Female
User_38,23,Male
User_39,60,Female
User_40,63,Male
User_41,25,Male
User_42,32,Male
User_43,59,Male
User_44,33,Male
User_45,33,Female
User_46,52,Male
User_47,61,Male
User_48,20,Male
User_49,55,Male
User_50,50,Male
User_51,27,Male
User_52,27,Male
User_53,37,Female
User_54,60,Male
User_55,37,Male
User_56,25,Male
User_57,33,Male
User_58,30,Male
User_59,26,Male
User_60,48,Female
User_61,18,Female
User_62,56,Female
User_63,22,Female
User_64,47,Male
User_65,47,Female
User_66,31,Female
User_67,56,Female
User_68,28,Male
User_69,32,Female
User_70,54,Male
User_71,35,Female
User_72,22,Female
User_73,32,Male
User_74,63,Male
User_75,30,Male
User_76,31,Male
User_77,36,Female
User_78,55,Male
User_79,41,Female
User_80,39,Male
User_81,24,Male
User_82,33,Female
User_83,60,Female
User_84,27,Male
User_85,39,Female
User_86,64,Male
User_87,45,Female
User_88,19,Male
User_89,36,Male
User_90,56,Female
User_91,37,Female
User_92,23,Male
User_93,23,Female
User_94,38,Male
User_95,51,Male
User_96,43,Female
User_97,56,Male
User_98,18,Female
User_99,39,Female
User_100,25,Female
User_101,24,Male
User_102,61,Male
User_103,52,Female
User_104,37,Female
User_105,59,Female
User_106,63,Male
User_107,53,Male
User_108,24,Male
User_109,46,Male
User_110,55,Female
User_111,42,Female
User_112,41,Female
User_113,55,Female
User_114,38,Female
User_115,48,Male
User_116,34,Female
User_117,32,Female
User_118,51,Female
User_119,22,Female
User_120,39,Male
User_121,33,Female
User_122,22,Female
User_123,37,Female
User_124,56,Male
User_125,32,Female
User_126,27,Female
User_127,57,Female
User_128,21,Male
User_129,43,Female
User_130,55,Male
User_131,20,Male
User_132,54,Male
User_133,47,Male
User_134,64,Female
User_135,35,Male
User_136,21,Male
User_137,56,Female
User_138,56,Female
User_139,18,Female
User_140,55,Male
User_141,23,Female
User_142,26,Male
User_143,36,Female
User_144,21,Male
User_145,45,Male
User_146,63,Female
User_147,34,Female
User_148,24,Male
User_149,43,Female
User_150,38,Female
User_151,20,Female
User_152,45,Male
User_153,45,Male
User_154,60,Female
User_155,57,Female
User_156,49,Male
User_157,47,Female
User_158,62,Male
User_159,53,Female
User_160,19,Female
User_161,47,Female
User_162,48,Male
User_163,21,Male
User_164,33,Female
User_165,46,Female
User_166,25,Female
User_167,64,Female
User_168,58,Female
User_169,22,Female
User_170,52,Male
User_171,28,Female
User_172,56,Female
User_173,33,Male
User_174,32,Male
User_175,24,Female
User_176,20,Male
User_177,31,Male
User_178,43,Female
User_179,34,Female
User_180,29,Male
User_181,64,Male
User_182,40,Female
User_183,29,Female
User_184,22,Male
User_185,33,Female
User_186,47,Male
User_187,36,Male
User_188,42,Male
User_189,62,Female
User_190,53,Male
User_191,36,Male
User_192,56,Male
User_193,42,Female
User_194,55,Male
User_195,36,Male
User_196,39,Male
User_197,26,Male
User_198,34,Male
User_199,38,Female
User_200,39,Female
User_201,34,Male
User_202,21,Female
User_203,18,Male
User_204,60,Female
User_205,63,Female
User_206,58,Male
User_207,49,Female
User_208,62,Male
User_209,18,Female
User_210,21,Female
User_211,26,Female
User_212,63,Male
User_213,48,Male
User_214,62,Male
User_215,26,Male
User_216,34,Female
User_217,28,Female
User_218,47,Male
User_219,56,Female
User_220,61,Male
User_221,37,Female
User_222,48,Male
User_223,55,Female
User_224,46,Female
User_225,36,Male
User_226,49,Male
User_227,48,Female
User_228,32,Female
User_229,33,Male
User_230,34,Female
User_231,51,Female
User_232,18,Female
User_233,42,Male
User_234,64,Male
User_235,30,Male
User_236,32,Male
User_237,50,Female
User_238,47,Female
User_239,54,Female
User_240,57,Male
User_241,53,Female
User_242,51,Female
User_243,30,Female
User_244,38,Female
User_245,64,Female
User_246,18,Male
User_247,26,Female
User_248,49,Male
User_249,21,Male
User_250,22,Male
User_251,54,Female
User_252,54,Female
User_253,60,Male
User_254,21,Male
User_255,45,Female
User_256,47,Male
User_257,20,Female
User_258,40,Female
User_259,60,Male
User_260,20,Male
User_261,25,Male
User_262,60,Male
User_263,52,Male
User_264,58,Male
User_265,36,Female
User_266,34,Female
User_267,54,Male
User_268,43,Female
User_269,39,Female
User_270,47,Male
User_271,44,Male
User_272,37,Male
User_273,20,Female
User_274,62,Female
User_275,20,Female
User_276,20,Male
User_277,39,Male
User_278,29,Male
User_279,27,Female
User_280,59,Male
User_281,30,Female
User_282,58,Female
User_283,46,Male
User_284,56,Male
User_285,18,Male
User_286,27,Male
User_287,31,Female
User_288,47,Female
User_289,19,Female
User_290,22,Male
User_291,39,Female
User_292,46,Female
User_293,23,Female
User_294,27,Female
User_295,50,Female
User_296,41,Male
User_297,62,Male
User_298,31,Female
User_299,52,Female
User_300,57,Male
User_301,51,Male
User_302,59,Male
User_303,64,Female
User_304,19,Male
User_305,55,Male
User_306,30,Male
User_307,21,Female
User_308,60,Male
User_309,37,Male
User_310,31,Male
User_311,33,Male
User_312,47,Male
User_313,49,Male
User_314,20,Male
User_315,64,Female
User_316,45,Female
User_317,18,Male
User_318,24,Male
User_319,19,Female
User_320,35,Female
User_321,46,Female
User_322,40,Male
User_323,29,Male
User_324,47,Male
User_325,62,Female
User_326,36,Female
User_327,43,Male
User_328,48,Male
User_329,22,Male
User_330,47,Female
User_331,52,Female
User_332,49,Male
User_333,49,Female
User_334,18,Female
User_335,29,Male
User_336,57,Female
User_337,25,Male
User_338,41,Female
User_339,49,Male
User_340,18,Male
User_341,26,Male
User_342,28,Female
User_343,58,Female
User_344,64,Female
User_345,27,Male
User_346,44,Male
User_347,36,Female
User_348,44,Female
User_349,43,Female
User_350,42,Female
User_351,58,Female
User_352,35,Female
User_353,28,Female
User_354,35,Female
User_355,56,Female
User_356,31,Male
User_357,21,Male
User_358,55,Male
User_359,38,Male
User_360,52,Male
User_361,34,Female
User_362,29,Female
User_363,63,Female
User_364,30,Male
User_365,25,Male
User_366,61,Female
User_367,57,Male
User_368,44,Male
User_369,39,Male
User_370,58,Male
User_371,42,Female
User_372,43,Male
User_373,63,Male
User_374,19,Female
User_375,23,Female
User_376,23,Female
User_377,22,Female
User_378,25,Male
User_379,32,Female
User_380,30,Female
User_381,22,Female
User_382,51,Male
User_383,23,Male
User_384,23,Female
User_385,63,Male
User_386,46,Male
User_387,47,Female
User_388,26,Male
User_389,61,Female
User_390,40,Male
User_391,44,Male
User_392,28,Male
User_393,49,Male
User_394,43,Female
User_395,63,Female
User_396,18,Male
User_397,57,Female
User_398,20,Male
User_399,60,Male
User_400,58,Male
User_401,27,Male
User_402,50,Male
User_403,46,Male
User_404,22,Female
User_405,32,Female
User_406,22,Male
User_407,46,Male
User_408,23,Female
User_409,32,Male
User_410,43,Male
User_411,42,Male
User_412,49,Male
User_413,34,Female
User_414,24,Female
User_415,62,Female
User_416,38,Male
User_417,18,Male
User_418,29,Female
User_419,46,Male
User_420,24,Female
User_421,46,Male
User_422,36,Female
User_423,52,Female
User_424,31,Male
User_425,46,Female
User_426,40,Male
User_427,61,Female
User_428,54,Female
User_429,55,Male
User_430,46,Female
User_431,42,Female
User_432,25,Female
User_433,24,Female
User_434,33,Female
User_435,58,Female
User_436,29,Female
User_437,43,Male
User_438,38,Female
User_439,60,Male
User_440,51,Female
User_441,58,Female
User_442,47,Female
User_443,23,Male
User_444,35,Male
User_445,21,Male
User_446,57,Female
User_447,50,Male
User_448,64,Female
User_449,25,Male
User_450,43,Male
User_451,23,Female
User_452,18,Female
User_453,24,Female
User_454,21,Female
User_455,35,Male
User_456,61,Male
User_457,51,Female
User_458,40,Female
User_459,45,Female
User_460,36,Male
User_461,50,Female
User_462,25,Male
User_463,58,Male
User_464,54,Female
User_465,26,Male
User_466,27,Female
User_467,27,Male
User_468,44,Male
User_469,51,Female
User_470,59,Female
User_471,53,Male
User_472,35,Female
User_473,48,Female
User_474,54,Male
User_475,21,Female
User_476,40,Female
User_477,27,Male
User_478,33,Male
User_479,21,Male
User_480,61,Female
User_481,22,Male
User_482,35,Female
User_483,43,Male
User_484,57,Female
User_485,36,Female
User_486,32,Male
User_487,33,Female
User_488,35,Female
User_489,28,Female
User_490,59,Female
User_491,64,Female
User_492,44,Female
User_493,35,Male
User_494,31,Male
User_495,18,Male
User_496,23,Male
User_497,32,Male
User_498,20,Female
User_499,26,Male
User_500,55,Female
User_501,22,Male
User_502,28,Female
User_503,29,Male
User_504,60,Male
User_505,29,Male
User_506,26,Male
User_507,48,Female
User_508,38,Male
User_509,23,Female
User_510,27,Male
User_511,55,Male
User_512,30,Male
User_513,62,Female
User_514,31,Male
User_515,42,Female
User_516,41,Female
User_517,35,Male
User_518,32,Male
User_519,63,Female
User_520,32,Male
User_521,54,Female
User_522,47,Female
User_523,20,Female
User_524,50,Male
User_525,36,Female
User_526,20,Female
User_527,44,Male
User_528,43,Female
User_529,39,Female
User_530,35,Female
User_531,48,Male
User_532,43,Female
User_533,18,Male
User_534,39,Male
User_535,35,Male
User_536,48,Male
User_537,24,Female
User_538,54,Male
User_539,62,Male
User_540,41,Female
User_541,33,Female
User_542,57,Female
User_543,24,Female
User_544,46,Male
User_545,45,Male
User_546,34,Female
User_547,32,Female
User_548,55,Male
User_549,58,Female
User_550,24,Male
User_551,57,Female
User_552,48,Female
User_553,45,Male
User_554,27,Male
User_555,59,Female
User_556,44,Male
User_557,20,Female
User_558,32,Female
User_559,37,Male
User_560,30,Female
User_561,55,Male
User_562,36,Male
User_563,18,Male
User_564,53,Male
User_565,57,Male
User_566,28,Male
User_567,46,Female
User_568,41,Female
User_569,54,Female
User_570,34,Male
User_571,28,Female
User_572,22,Male
User_573,22,Female
User_574,24,Male
User_575,42,Female
User_576,39,Female
User_577,50,Female
User_578,36,Male
User_579,19,Male
User_580,62,Female
User_581,27,Female
User_582,56,Male
User_583,57,Male
User_584,39,Female
User_585,58,Female
User_586,52,Female
User_587,64,Female
User_588,35,Male
User_589,43,Male
User_590,38,Male
User_591,64,Female
User_592,53,Female
User_593,59,Male
User_594,44,Female
User_595,32,Male
User_596,63,Male
User_597,34,Female
User_598,25,Female
User_599,38,Male
User_600,37,Male
User_601,59,Female
User_602,23,Male
User_603,57,Female
User_604,30,Female
User_605,18,Male
User_606,61,Female
User_607,38,Female
User_608,55,Male
User_609,32,Female
User_610,42,Female
User_611,57,Male
User_612,24,Female
User_613,48,Male
User_614,51,Female
User_615,26,Female
User_616,19,Female
User_617,29,Male
User_618,64,Female
User_619,43,Female
User_620,25,Female
User_621,41,Male
User_622,60,Female
User_623,44,Female
User_624,54,Female
User_625,43,Female
User_626,42,Male
User_627,38,Male
User_628,50,Male
User_629,46,Male
User_630,24,Male
User_631,46,Male
User_632,56,Female
User_633,55,Female
User_634,58,Male
User_635,34,Male
User_636,42,Male
User_637,46,Male
User_638,32,Male
User_639,53,Male
User_640,51,Male
User_641,27,Male
User_642,33,Female
User_643,47,Female
User_644,43,Male
User_645,50,Male
User_646,49,Female
User_647,29,Female
User_648,46,Male
User_649,21,Female
User_650,48,Female
User_651,18,Male
User_652,59,Female
User_653,64,Male
User_654,60,Female
User_655,55,Female
User_656,23,Female
User_657,51,Male
User_658,51,Male
User_659,19,Male
User_660,45,Male
User_661,20,Male
User_662,50,Male
User_663,39,Male
User_664,46,Female
User_665,19,Male
User_666,64,Female
User_667,59,Male
User_668,46,Female
User_669,59,Female
User_670,50,Female
User_671,33,Male
User_672,43,Male
User_673,20,Male
User_674,21,Male
User_675,64,Female
User_676,49,Male
User_677,35,Male
User_678,19,Male
User_679,29,Female
User_680,62,Male
User_681,57,Female
User_682,64,Male
User_683,49,Female
User_684,23,Female
User_685,23,Female
User_686,21,Female
User_687,42,Female
User_688,23,Male
User_689,57,Male
User_690,39,Female
User_691,48,Male
User_692,26,Male
User_693,63,Male
User_694,61,Male
User_695,32,Male
User_696,24,Male
User_697,58,Male
User_698,34,Male
User_699,32,Male
User_700,58,Male
User_701,27,Male
User_702,39,Male
User_703,59,Male
User_704,60,Male
User_705,61,Female
User_706,63,Male
User_707,54,Male
User_708,43,Female
User_709,23,Male
User_710,43,Female
User_711,51,Female
User_712,39,Male
User_713,34,Female
User_714,33,Male
User_715,33,Male
User_716,23,Male
User_717,38,Female
User_718,37,Female
User_719,35,Female
User_720,45,Male
User_721,55,Female
User_722,38,Female
User_723,33,Female
User_724,64,Male
User_725,32,Female
User_726,50,Female
User_727,26,Male
User_728,34,Female
User_729,26,Male
User_730,43,Female
User_731,38,Female
User_732,31,Male
User_733,55,Female
User_734,21,Female
User_735,40,Male
User_736,60,Female
User_737,57,Male
User_738,23,Female
User_739,28,Male
User_740,46,Female
User_741,60,Male
User_742,26,Male
User_743,47,Male
User_744,61,Male
User_745,26,Female
User_746,32,Male
User_747,20,Male
User_748,58,Female
User_749,25,Male
User_750,39,Male
User_751,27,Male
User_752,48,Female
User_753,53,Male
User_754,46,Male
User_755,57,Male
User_756,18,Male
User_757,47,Male
User_758,34,Female
User_759,41,Male
User_760,53,Female
User_761,28,Male
User_762,34,Female
User_763,48,Male
User_764,34,Female
User_765,18,Male
User_766,23,Female
User_767,44,Male
User_768,57,Male
User_769,42,Female
User_770,36,Female
User_771,61,Male
User_772,33,Female
User_773,34,Male
User_774,49,Male
User_775,51,Female
User_776,57,Male
User_777,22,Female
User_778,62,Female
User_779,43,Female
User_780,20,Female
User_781,22,Female
User_782,18,Female
User_783,23,Male
User_784,56,Female
User_785,40,Male
User_786,34,Male
User_787,40,Female
User_788,45,Male
User_789,29,Female
User_790,62,Male
User_791,59,Female
User_792,62,Female
User_793,40,Female
User_794,49,Male
User_795,53,Male
User_796,48,Female
User_797,23,Male
User_798,48,Male
User_799,58,Male
User_800,63,Female
User_801,39,Male
User_802,51,Female
User_803,30,Male
User_804,61,Male
User_805,46,Male
User_806,43,Male
User_807,30,Female
User_808,42,Male
User_809,38,Male
User_810,31,Female
User_811,50,Female
User_812,58,Female
User_813,25,Male
User_814,25,Female
User_815,28,Male
User_816,60,Male
User_817,62,Female
User_818,28,Male
User_819,62,Male
User_820,50,Female
User_821,49,Male
User_822,34,Male
User_823,43,Male
User_824,36,Female
User_825,42,Male
User_826,21,Female
User_827,64,Male
User_828,20,Male
User_829,18,Female
User_830,61,Female
User_831,58,Male
User_832,58,Male
User_833,47,Male
User_834,61,Male
User_835,25,Female
User_836,60,Male
User_837,41,Female
User_838,57,Female
User_839,42,Female
User_840,59,Female
User_841,21,Male
User_842,41,Female
User_843,50,Male
User_844,63,Female
User_845,46,Female
User_846,32,Male
User_847,24,Male
User_848,44,Female
User_849,36,Female
User_850,36,Female
User_851,36,Male
User_852,37,Female
User_853,40,Female
User_854,63,Female
User_855,38,Male
User_856,34,Female
User_857,40,Male
User_858,45,Female
User_859,64,Male
User_860,37,Female
User_861,19,Male
User_862,39,Female
User_863,36,Female
User_864,22,Male
User_865,39,Male
User_866,58,Male
User_867,58,Female
User_868,43,Male
User_869,43,Male
User_870,53,Female
User_871,61,Male
User_872,22,Female
User_873,62,Male
User_874,40,Female
User_875,33,Female
User_876,61,Female
User_877,54,Female
User_878,44,Female
User_879,50,Female
User_880,32,Male
User_881,24,Female
User_882,54,Male
User_883,21,Male
User_884,30,Female
User_885,32,Female
User_886,23,Male
User_887,34,Male
User_888,38,Female
User_889,35,Male
User_890,51,Female
User_891,48,Female
User_892,39,Male
User_893,27,Male
User_894,21,Male
User_895,56,Female
User_896,56,Male
User_897,41,Male
User_898,44,Male
User_899,60,Female
User_900,29,Male
User_901,40,Female
User_902,41,Female
User_903,26,Male
User_904,28,Female
User_905,50,Female
User_906,50,Female
User_907,49,Male
User_908,59,Female
User_909,51,Male
User_910,31,Female
User_911,49,Female
User_912,61,Male
User_913,46,Male
User_914,39,Female
User_915,51,Female
User_916,42,Female
User_917,61,Female
User_918,25,Female
User_919,35,Female
User_920,28,Female
User_921,25,Female
User_922,20,Female
User_923,33,Male
User_924,53,Male
User_925,43,Male
User_926,52,Female
User_927,58,Male
User_928,42,Female
User_929,26,Female
User_930,36,Female
User_931,35,Female
User_932,59,Male
User_933,46,Female
User_934,26,Male
User_935,46,Male
User_936,25,Female
User_937,19,Female
User_938,19,Male
User_939,34,Male
User_940,64,Female
User_941,48,Male
User_942,64,Male
User_943,19,Male
User_944,25,Female
User_945,20,Male
User_946,55,Female
User_947,53,Female
User_948,52,Female
User_949,34,Male
User_950,50,Male
User_951,38,Male
User_952,23,Female
User_953,60,Male
User_954,21,Female
User_955,37,Male
User_956,50,Female
User_957,25,Female
User_958,64,Male
User_959,64,Female
User_960,26,Male
User_961,43,Male
User_962,61,Male
User_963,30,Female
User_964,19,Male
User_965,38,Female
User_966,45,Female
User_967,48,Male
User_968,48,Female
User_969,53,Female
User_970,35,Male
User_971,42,Female
User_972,51,Female
User_973,22,Male
User_974,23,Female
User_975,40,Male
User_976,51,Female
User_977,42,Female
User_978,43,Male
User_979,25,Male
User_980,29,Male
User_981,32,Male
User_982,19,Male
User_983,19,Female
User_984,26,Female
User_985,36,Female
User_986,28,Female
User_987,58,Male
User_988,19,Female
User_989,58,Male
User_990,61,Male
User_991,22,Female
User_992,56,Male
User_993,54,Male
User_994,30,Female
User_995,46,Female
User_996,21,Female
User_997,47,Male
User_998,26,Female
User_999,46,Male
